<?xml version="1.0" encoding="UTF-8"?>
<project-private xmlns="http://www.netbeans.org/ns/project-private/1">
    <editor-bookmarks xmlns="http://www.netbeans.org/ns/editor-bookmarks/2" lastBookmarkId="0"/>
    <open-files xmlns="http://www.netbeans.org/ns/projectui-open-files/2">
        <group>
            <file>file:/D:/My%20Document/Assignment/DIA2%20Sem2/GUI%20Assignment/Coding/Assignment/src/da/StaffDA.java</file>
            <file>file:/D:/My%20Document/Assignment/DIA2%20Sem2/GUI%20Assignment/Coding/Assignment/src/ui/Payment.java</file>
            <file>file:/D:/My%20Document/Assignment/DIA2%20Sem2/GUI%20Assignment/Coding/Assignment/src/da/JobDA.java</file>
            <file>file:/D:/My%20Document/Assignment/DIA2%20Sem2/GUI%20Assignment/Coding/Assignment/src/domain/Order.java</file>
            <file>file:/D:/My%20Document/Assignment/DIA2%20Sem2/GUI%20Assignment/Coding/Assignment/src/domain/Orderlist.java</file>
            <file>file:/D:/My%20Document/Assignment/DIA2%20Sem2/GUI%20Assignment/Coding/Assignment/src/da/OrderDA.java</file>
            <file>file:/D:/My%20Document/Assignment/DIA2%20Sem2/GUI%20Assignment/Coding/Assignment/src/ui/FoodTable.java</file>
            <file>file:/D:/My%20Document/Assignment/DIA2%20Sem2/GUI%20Assignment/Coding/Assignment/src/ui/PaymentReport.java</file>
            <file>file:/D:/My%20Document/Assignment/DIA2%20Sem2/GUI%20Assignment/Coding/Assignment/src/control/jobControl.java</file>
        </group>
    </open-files>
</project-private>
